Valuation area,Company Code,Valuation Grpg Code,Neg. stocks allowed,Mat. Ledger Active,ML Active(Compulsory),SalesPrice valuation,Explanation Facility,Revaluat. profile,Val.-based IM profile,Material Price Determination: Control,Price Determ. Is Binding in Val. Area,Stock correction toler.,PrDiff. GR SC,Post with recpt val.,Two FI documents,Price Release,ActCstCmpSplt Active,Delivery costs to price diff. acct,From fiscal year,Price Release FMP,Price Release Group
0001,0001,0001,,X,X,,,,,2,X,0.0,,X,X,,false,X,,,
0003,0003,0001,,X,X,,,,,2,,0.0,,X,X,,false,,,,
149A,GB14,0001,,X,X,,,,,2,,0.0,X,X,,,false,X,,,
149T,GB14,0001,,X,X,,,,,2,,0.0,X,X,,,false,X,,,
14AA,GB14,0001,,X,X,,,,,2,,0.0,X,X,,,false,X,,,
14AD,GB14,0001,,X,X,,,,,2,,0.0,X,X,,,false,X,,,
14AM,GB14,0001,,X,X,,,,,2,,0.0,X,X,,,false,X,,,
14BB,GB14,0001,,X,X,,,,,2,,0.0,X,X,,,false,X,,,
14BZ,GB14,0001,,X,X,,,,,2,,0.0,X,X,,,false,X,,,
14CF,GB14,0001,,X,X,,,,,2,,0.0,X,X,,,false,X,,,
14CL,GB14,0001,,X,X,,,,,2,,0.0,X,X,,,false,X,,,
14CM,GB14,0001,,X,X,,,,,2,,0.0,X,X,,,false,X,,,
14CS,GB14,0001,,X,X,,,,,2,,0.0,X,X,,,false,X,,,
14CT,GB14,0001,,X,X,,,,,2,,0.0,X,X,,,false,X,,,
14EG,GB14,0001,,X,X,,,,,2,,0.0,X,X,,,false,X,,,
14EH,GB14,0001,,X,X,,,,,2,,0.0,X,X,,,false,X,,,
14EM,GB14,0001,,X,X,,,,,2,,0.0,X,X,,,false,X,,,
14EW,GB14,0001,,X,X,,,,,2,,0.0,X,X,,,false,X,,,
14FA,GB14,0001,,X,X,,,,,2,,0.0,X,X,,,false,X,,,
14FI,GB14,0001,,X,X,,,,,2,,0.0,X,X,,,false,X,,,
14FO,GB14,0001,,X,X,,,,,2,,0.0,X,X,,,false,X,,,
14FR,GB14,0001,,X,X,,,,,2,,0.0,X,X,,,false,X,,,
14FS,GB14,0001,,X,X,,,,,2,,0.0,X,X,,,false,X,,,
14GA,GB14,0001,,X,X,,,,,2,,0.0,X,X,,,false,X,,,
14GD,GB14,0001,,X,X,,,,,2,,0.0,X,X,,,false,X,,,
14GF,GB14,0001,,X,X,,,,,2,,0.0,X,X,,,false,X,,,
14GK,GB14,0001,,X,X,,,,,2,,0.0,X,X,,,false,X,,,
14GN,GB14,0001,,X,X,,,,,2,,0.0,X,X,,,false,X,,,
14GT,GB14,0001,,X,X,,,,,2,,0.0,X,X,,,false,X,,,
14GV,GB14,0001,,X,X,,,,,2,,0.0,X,X,,,false,X,,,
14HF,GB14,0001,,X,X,,,,,2,,0.0,X,X,,,false,X,,,
14HP,GB14,0001,,X,X,,,,,2,,0.0,X,X,,,false,X,,,
14HQ,GB14,0001,,X,X,,,,,2,,0.0,X,X,,,false,X,,,
14HR,GB14,0001,,X,X,,,,,2,,0.0,X,X,,,false,X,,,
14HY,GB14,0001,,X,X,,,,,2,,0.0,X,X,,,false,X,,,
14IF,GB14,0001,,X,X,,,,,2,,0.0,X,X,,,false,X,,,
14JI,GB14,0001,,X,X,,,,,2,,0.0,X,X,,,false,X,,,
14KA,GB14,0001,,X,X,,,,,2,,0.0,X,X,,,false,X,,,
14KD,GB14,0001,,X,X,,,,,2,,0.0,X,X,,,false,X,,,
14KK,GB14,0001,,X,X,,,,,2,,0.0,X,X,,,false,X,,,
14KR,GB14,0001,,X,X,,,,,2,,0.0,X,X,,,false,X,,,
14KV,GB14,0001,,X,X,,,,,2,,0.0,X,X,,,false,X,,,
14LD,GB14,0001,,X,X,,,,,2,,0.0,X,X,,,false,X,,,
14LK,GB14,0001,,X,X,,,,,2,,0.0,X,X,,,false,X,,,
14LW,GB14,0001,,X,X,,,,,2,,0.0,X,X,,,false,X,,,
14LZ,GB14,0001,,X,X,,,,,2,,0.0,X,X,,,false,X,,,
14MD,GB14,0001,,X,X,,,,,2,,0.0,X,X,,,false,X,,,
14ME,GB14,0001,,X,X,,,,,2,,0.0,X,X,,,false,X,,,
14MO,GB14,0001,,X,X,,,,,2,,0.0,X,X,,,false,X,,,
14MP,GB14,0001,,X,X,,,,,2,,0.0,X,X,,,false,X,,,
14MT,GB14,0001,,X,X,,,,,2,,0.0,X,X,,,false,X,,,
14NR,GB14,0001,,X,X,,,,,2,,0.0,X,X,,,false,X,,,
14OM,GB14,0001,,X,X,,,,,2,,0.0,X,X,,,false,X,,,
14PA,GB14,0001,,X,X,,,,,2,,0.0,X,X,,,false,X,,,
14PB,GB14,0001,,X,X,,,,,2,,0.0,X,X,,,false,X,,,
14PC,GB14,0001,,X,X,,,,,2,,0.0,X,X,,,false,X,,,
14PJ,GB14,0001,,X,X,,,,,2,,0.0,X,X,,,false,X,,,
14PN,GB14,0001,,X,X,,,,,2,,0.0,X,X,,,false,X,,,
14RD,GB14,0001,,X,X,,,,,2,,0.0,X,X,,,false,X,,,
14RE,GB14,0001,,X,X,,,,,2,,0.0,X,X,,,false,X,,,
14RM,GB14,0001,,X,X,,,,,2,,0.0,X,X,,,false,X,,,
14RS,GB14,0001,,X,X,,,,,2,,0.0,X,X,,,false,X,,,
14RT,GB14,0001,,X,X,,,,,2,,0.0,X,X,,,false,X,,,
14SJ,GB14,0001,,X,X,,,,,2,,0.0,X,X,,,false,X,,,
14SM,GB14,0001,,X,X,,,,,2,,0.0,X,X,,,false,X,,,
14SN,GB14,0001,,X,X,,,,,2,,0.0,X,X,,,false,X,,,
14SO,GB14,0001,,X,X,,,,,2,,0.0,X,X,,,false,X,,,
14SR,GB14,0001,,X,X,,,,,2,,0.0,X,X,,,false,X,,,
14ST,GB14,0001,,X,X,,,,,2,,0.0,X,X,,,false,X,,,
14TL,GB14,0001,,X,X,,,,,2,,0.0,X,X,,,false,X,,,
14UA,GB14,0001,,X,X,,,,,2,,0.0,X,X,,,false,X,,,
14UF,GB14,0001,,X,X,,,,,2,,0.0,X,X,,,false,X,,,
14UY,GB14,0001,,X,X,,,,,2,,0.0,X,X,,,false,X,,,
14UZ,GB14,0001,,X,X,,,,,2,,0.0,X,X,,,false,X,,,
14VI,GB14,0001,,X,X,,,,,2,,0.0,X,X,,,false,X,,,
14VK,GB14,0001,,X,X,,,,,2,,0.0,X,X,,,false,X,,,
14WA,GB14,0001,,X,X,,,,,2,,0.0,X,X,,,false,X,,,
14WE,GB14,0001,,X,X,,,,,2,,0.0,X,X,,,false,X,,,
14X1,GB14,0001,,X,X,,,,,2,,0.0,X,X,,,false,X,,,
14X2,GB14,0001,,X,X,,,,,2,,0.0,X,X,,,false,X,,,
14X3,GB14,0001,,X,X,,,,,2,,0.0,X,X,,,false,X,,,
14X4,GB14,0001,,X,X,,,,,2,,0.0,X,X,,,false,X,,,
14XA,GB14,0001,,X,X,,,,,2,,0.0,X,X,,,false,X,,,
14XB,GB14,0001,,X,X,,,,,2,,0.0,X,X,,,false,X,,,
14XC,GB14,0001,,X,X,,,,,2,,0.0,X,X,,,false,X,,,
14XF,GB14,0001,,X,X,,,,,2,,0.0,X,X,,,false,X,,,
14XI,GB14,0001,,X,X,,,,,2,,0.0,X,X,,,false,X,,,
14XK,GB14,0001,,X,X,,,,,2,,0.0,X,X,,,false,X,,,
14XM,GB14,0001,,X,X,,,,,2,,0.0,X,X,,,false,X,,,
14XT,GB14,0001,,X,X,,,,,2,,0.0,X,X,,,false,X,,,
14XU,GB14,0001,,X,X,,,,,2,,0.0,X,X,,,false,X,,,
14XV,GB14,0001,,X,X,,,,,2,,0.0,X,X,,,false,X,,,
14XX,GB14,0001,,X,X,,,,,2,,0.0,X,X,,,false,X,,,
14XZ,GB14,0001,,X,X,,,,,2,,0.0,X,X,,,false,X,,,
14YC,GB14,0001,,X,X,,,,,2,,0.0,X,X,,,false,X,,,
14YU,GB14,0001,,X,X,,,,,2,,0.0,X,X,,,false,X,,,
14YY,GB14,0001,,X,X,,,,,2,,0.0,X,X,,,false,X,,,
14ZA,GB14,0001,,X,X,,,,,2,,0.0,X,X,,,false,X,,,
14ZZ,GB14,0001,,X,X,,,,,2,,0.0,X,X,,,false,X,,,
16BK,FR16,0001,,X,X,,,,,2,,0.0,X,X,,,false,X,,,
16EP,FR16,0001,,X,X,,,,,2,,0.0,X,X,,,false,X,,,
16F2,FR16,0001,,X,X,,,,,2,,0.0,X,X,,,false,X,,,
16F3,FR16,0001,,X,X,,,,,2,,0.0,X,X,,,false,X,,,
16FA,FR16,0001,,X,X,,,,,2,,0.0,X,X,,,false,X,,,
16GA,FR16,0001,,X,X,,,,,2,,0.0,X,X,,,false,X,,,
16GF,FR16,0001,,X,X,,,,,2,,0.0,X,X,,,false,X,,,
16H1,FR16,0001,,X,X,,,,,2,,0.0,X,X,,,false,X,,,
16H2,FR16,0001,,X,X,,,,,2,,0.0,X,X,,,false,X,,,
16HC,FR16,0001,,X,X,,,,,2,,0.0,X,X,,,false,X,,,
16NK,FR16,0001,,X,X,,,,,2,,0.0,X,X,,,false,X,,,
16NZ,FR16,0001,,X,X,,,,,2,,0.0,X,X,,,false,X,,,
16OH,FR16,0001,,X,X,,,,,2,,0.0,X,X,,,false,X,,,
16PC,FR16,0001,,X,X,,,,,2,,0.0,X,X,,,false,X,,,
16RE,FR16,0001,,X,X,,,,,2,,0.0,X,X,,,false,X,,,
16SN,FR16,0001,,X,X,,,,,2,,0.0,X,X,,,false,X,,,
16SO,FR16,0001,,X,X,,,,,2,,0.0,X,X,,,false,X,,,
16SR,FR16,0001,,X,X,,,,,2,,0.0,X,X,,,false,X,,,
16SV,FR16,0001,,X,X,,,,,2,,0.0,X,X,,,false,X,,,
16TL,FR16,0001,,X,X,,,,,2,,0.0,X,X,,,false,X,,,
16VK,FR16,0001,,X,X,,,,,2,,0.0,X,X,,,false,X,,,
16X1,FR16,0001,,X,X,,,,,2,,0.0,X,X,,,false,X,,,
16X2,FR16,0001,,X,X,,,,,2,,0.0,X,X,,,false,X,,,
16XP,FR16,0001,,X,X,,,,,2,,0.0,X,X,,,false,X,,,
16ZA,FR16,0001,,X,X,,,,,2,,0.0,X,X,,,false,X,,,
16ZH,FR16,0001,,X,X,,,,,2,,0.0,X,X,,,false,X,,,
16ZZ,FR16,0001,,X,X,,,,,2,,0.0,X,X,,,false,X,,,
20B1,DE20,0001,,X,X,,,,,2,,0.0,X,X,,,false,X,,,
20B3,DE20,0001,,X,X,,,,,2,,0.0,X,X,,,false,X,,,
20B5,DE20,0001,,X,X,,,,,2,,0.0,X,X,,,false,X,,,
20B7,DE20,0001,,X,X,,,,,2,,0.0,X,X,,,false,X,,,
20B9,DE20,0001,,X,X,,,,,2,,0.0,X,X,,,false,X,,,
20C1,DE20,0001,,X,X,,,,,2,,0.0,X,X,,,false,X,,,
20C2,DE20,0001,,X,X,,,,,2,,0.0,X,X,,,false,X,,,
20C3,DE20,0001,,X,X,,,,,2,,0.0,X,X,,,false,X,,,
20F2,DE20,0001,,X,X,,,,,2,,0.0,X,X,,,false,X,,,
20F3,DE20,0001,,X,X,,,,,2,,0.0,X,X,,,false,X,,,
20FD,DE20,0001,,X,X,,,,,2,,0.0,X,X,,,false,X,,,
20GD,DE20,0001,,X,X,,,,,2,,0.0,X,X,,,false,X,,,
20GH,DE20,0001,,X,X,,,,,2,,0.0,X,X,,,false,X,,,
20H1,DE20,0001,,X,X,,,,,2,,0.0,X,X,,,false,X,,,
20H2,DE20,0001,,X,X,,,,,2,,0.0,X,X,,,false,X,,,
20H3,DE20,0001,,X,X,,,,,2,,0.0,X,X,,,false,X,,,
20HG,DE20,0001,,X,X,,,,,2,,0.0,X,X,,,false,X,,,
20LK,DE20,0001,,X,X,,,,,2,,0.0,X,X,,,false,X,,,
20NC,DE20,0001,,X,X,,,,,2,,0.0,X,X,,,false,X,,,
20PD,DE20,0001,,X,X,,,,,2,,0.0,X,X,,,false,X,,,
20RM,DE20,0001,,X,X,,,,,2,,0.0,X,X,,,false,X,,,
20VK,DE20,0001,,X,X,,,,,2,,0.0,X,X,,,false,X,,,
20X1,DE20,0001,,X,X,,,,,2,,0.0,X,X,,,false,X,,,
20XD,DE20,0001,,X,X,,,,,2,,0.0,X,X,,,false,X,,,
24AD,IT24,0001,,X,X,,,,,2,,0.0,X,X,,,false,X,,,
24EE,IT24,0001,,X,X,,,,,2,,0.0,X,X,,,false,X,,,
24EM,IT24,0001,,X,X,,,,,2,,0.0,X,X,,,false,X,,,
24EQ,IT24,0001,,X,X,,,,,2,,0.0,X,X,,,false,X,,,
24FA,IT24,0001,,X,X,,,,,2,,0.0,X,X,,,false,X,,,
24GA,IT24,0001,,X,X,,,,,2,,0.0,X,X,,,false,X,,,
24GF,IT24,0001,,X,X,,,,,2,,0.0,X,X,,,false,X,,,
24HO,IT24,0001,,X,X,,,,,2,,0.0,X,X,,,false,X,,,
24HP,IT24,0001,,X,X,,,,,2,,0.0,X,X,,,false,X,,,
24LK,IT24,0001,,X,X,,,,,2,,0.0,X,X,,,false,X,,,
24MI,IT24,0001,,X,X,,,,,2,,0.0,X,X,,,false,X,,,
24MR,IT24,0001,,X,X,,,,,2,,0.0,X,X,,,false,X,,,
24MS,IT24,0001,,X,X,,,,,2,,0.0,X,X,,,false,X,,,
24OB,IT24,0001,,X,X,,,,,2,,0.0,X,X,,,false,X,,,
24OH,IT24,0001,,X,X,,,,,2,,0.0,X,X,,,false,X,,,
24RE,IT24,0001,,X,X,,,,,2,,0.0,X,X,,,false,X,,,
24SN,IT24,0001,,X,X,,,,,2,,0.0,X,X,,,false,X,,,
24SO,IT24,0001,,X,X,,,,,2,,0.0,X,X,,,false,X,,,
24SP,IT24,0001,,X,X,,,,,2,,0.0,X,X,,,false,X,,,
24SR,IT24,0001,,X,X,,,,,2,,0.0,X,X,,,false,X,,,
24TL,IT24,0001,,X,X,,,,,2,,0.0,X,X,,,false,X,,,
24UM,IT24,0001,,X,X,,,,,2,,0.0,X,X,,,false,X,,,
24YY,IT24,0001,,X,X,,,,,2,,0.0,X,X,,,false,X,,,
24ZL,IT24,0001,,X,X,,,,,2,,0.0,X,X,,,false,X,,,
33AB,ZA33,0001,,X,X,,,,,2,,0.0,X,X,,,false,X,,,
33BO,ZA33,0001,,X,X,,,,,2,,0.0,X,X,,,false,X,,,
33CM,ZA33,0001,,X,X,,,,,2,,0.0,X,X,,,false,X,,,
33CQ,ZA33,0001,,X,X,,,,,2,,0.0,X,X,,,false,X,,,
33DH,ZA33,0001,,X,X,,,,,2,,0.0,X,X,,,false,X,,,
33FH,ZA33,0001,,X,X,,,,,2,,0.0,X,X,,,false,X,,,
33HB,ZA33,0001,,X,X,,,,,2,,0.0,X,X,,,false,X,,,
33HF,ZA33,0001,,X,X,,,,,2,,0.0,X,X,,,false,X,,,
33JA,ZA33,0001,,X,X,,,,,2,,0.0,X,X,,,false,X,,,
33KU,ZA33,0001,,X,X,,,,,2,,0.0,X,X,,,false,X,,,
33LB,ZA33,0001,,X,X,,,,,2,,0.0,X,X,,,false,X,,,
33MI,ZA33,0001,,X,X,,,,,2,,0.0,X,X,,,false,X,,,
33MQ,ZA33,0001,,X,X,,,,,2,,0.0,X,X,,,false,X,,,
33NX,ZA33,0001,,X,X,,,,,2,,0.0,X,X,,,false,X,,,
33PP,ZA33,0001,,X,X,,,,,2,,0.0,X,X,,,false,X,,,
33PR,ZA33,0001,,X,X,,,,,2,,0.0,X,X,,,false,X,,,
33RI,ZA33,0001,,X,X,,,,,2,,0.0,X,X,,,false,X,,,
33SA,ZA33,0001,,X,X,,,,,2,,0.0,X,X,,,false,X,,,
33SP,ZA33,0001,,X,X,,,,,2,,0.0,X,X,,,false,X,,,
33UR,ZA33,0001,,X,X,,,,,2,,0.0,X,X,,,false,X,,,
33WQ,ZA33,0001,,X,X,,,,,2,,0.0,X,X,,,false,X,,,
33XA,ZA33,0001,,X,X,,,,,2,,0.0,X,X,,,false,X,,,
33XB,ZA33,0001,,X,X,,,,,2,,0.0,X,X,,,false,X,,,
33XC,ZA33,0001,,X,X,,,,,2,,0.0,X,X,,,false,X,,,
33XD,ZA33,0001,,X,X,,,,,2,,0.0,X,X,,,false,X,,,
33XE,ZA33,0001,,X,X,,,,,2,,0.0,X,X,,,false,X,,,
33XF,ZA33,0001,,X,X,,,,,2,,0.0,X,X,,,false,X,,,
33XG,ZA33,0001,,X,X,,,,,2,,0.0,X,X,,,false,X,,,
33XO,ZA33,0001,,X,X,,,,,2,,0.0,X,X,,,false,X,,,
33YI,ZA33,0001,,X,X,,,,,2,,0.0,X,X,,,false,X,,,
33YU,ZA33,0001,,X,X,,,,,2,,0.0,X,X,,,false,X,,,
33ZD,ZA33,0001,,X,X,,,,,2,,0.0,X,X,,,false,X,,,
33ZL,ZA33,0001,,X,X,,,,,2,,0.0,X,X,,,false,X,,,
33ZP,ZA33,0001,,X,X,,,,,2,,0.0,X,X,,,false,X,,,
33ZQ,ZA33,0001,,X,X,,,,,2,,0.0,X,X,,,false,X,,,
33ZW,ZA33,0001,,X,X,,,,,2,,0.0,X,X,,,false,X,,,
501B,US50,0001,,X,X,,,,,2,,0.0,X,X,,,false,X,,,
501P,US50,0001,,X,X,,,,,2,,0.0,X,X,,,false,X,,,
501Y,US50,0001,,X,X,,,,,2,,0.0,X,X,,,false,X,,,
501Z,US50,0001,,X,X,,,,,2,,0.0,X,X,,,false,X,,,
502A,US50,0001,,X,X,,,,,2,,0.0,X,X,,,false,X,,,
502D,US50,0001,,X,X,,,,,2,,0.0,X,X,,,false,X,,,
502E,US50,0001,,X,X,,,,,2,,0.0,X,X,,,false,X,,,
502F,US50,0001,,X,X,,,,,2,,0.0,X,X,,,false,X,,,
502G,US50,0001,,X,X,,,,,2,,0.0,X,X,,,false,X,,,
502H,US50,0001,,X,X,,,,,2,,0.0,X,X,,,false,X,,,
502I,US50,0001,,X,X,,,,,2,,0.0,X,X,,,false,X,,,
502J,US50,0001,,X,X,,,,,2,,0.0,X,X,,,false,X,,,
502K,US50,0001,,X,X,,,,,2,,0.0,X,X,,,false,X,,,
502L,US50,0001,,X,X,,,,,2,,0.0,X,X,,,false,X,,,
502M,US50,0001,,X,X,,,,,2,,0.0,X,X,,,false,X,,,
502N,US50,0001,,X,X,,,,,2,,0.0,X,X,,,false,X,,,
502O,US50,0001,,X,X,,,,,2,,0.0,X,X,,,false,X,,,
502P,US50,0001,,X,X,,,,,2,,0.0,X,X,,,false,X,,,
502Q,US50,0001,,X,X,,,,,2,,0.0,X,X,,,false,X,,,
502R,US50,0001,,X,X,,,,,2,,0.0,X,X,,,false,X,,,
502S,US50,0001,,X,X,,,,,2,,0.0,X,X,,,false,X,,,
502T,US50,0001,,X,X,,,,,2,,0.0,X,X,,,false,X,,,
502U,US50,0001,,X,X,,,,,2,,0.0,X,X,,,false,X,,,
502V,US50,0001,,X,X,,,,,2,,0.0,X,X,,,false,X,,,
502W,US50,0001,,X,X,,,,,2,,0.0,X,X,,,false,X,,,
502X,US50,0001,,X,X,,,,,2,,0.0,X,X,,,false,X,,,
502Y,US50,0001,,X,X,,,,,2,,0.0,X,X,,,false,X,,,
502Z,US50,0001,,X,X,,,,,2,,0.0,X,X,,,false,X,,,
503A,US50,0001,,X,X,,,,,2,,0.0,X,X,,,false,X,,,
503B,US50,0001,,X,X,,,,,2,,0.0,X,X,,,false,X,,,
503C,US50,0001,,X,X,,,,,2,,0.0,X,X,,,false,X,,,
503F,US50,0001,,X,X,,,,,2,,0.0,X,X,,,false,X,,,
503I,US50,0001,,X,X,,,,,2,,0.0,X,X,,,false,X,,,
503K,US50,0001,,X,X,,,,,2,,0.0,X,X,,,false,X,,,
503L,US50,0001,,X,X,,,,,2,,0.0,X,X,,,false,X,,,
503M,US50,0001,,X,X,,,,,2,,0.0,X,X,,,false,X,,,
503N,US50,0001,,X,X,,,,,2,,0.0,X,X,,,false,X,,,
503O,US50,0001,,X,X,,,,,2,,0.0,X,X,,,false,X,,,
503R,US50,0001,,X,X,,,,,2,,0.0,X,X,,,false,X,,,
503S,US50,0001,,X,X,,,,,2,,0.0,X,X,,,false,X,,,
503T,US50,0001,,X,X,,,,,2,,0.0,X,X,,,false,X,,,
503V,US50,0001,,X,X,,,,,2,,0.0,X,X,,,false,X,,,
503W,US50,0001,,X,X,,,,,2,,0.0,X,X,,,false,X,,,
503Y,US50,0001,,X,X,,,,,2,,0.0,X,X,,,false,X,,,
503Z,US50,0001,,X,X,,,,,2,,0.0,X,X,,,false,X,,,
505A,US50,0001,,X,X,,,,,2,,0.0,X,X,,,false,X,,,
505K,US50,0001,,X,X,,,,,2,,0.0,X,X,,,false,X,,,
505L,US50,0001,,X,X,,,,,2,,0.0,X,X,,,false,X,,,
505M,US50,0001,,X,X,,,,,2,,0.0,X,X,,,false,X,,,
505N,US50,0001,,X,X,,,,,2,,0.0,X,X,,,false,X,,,
505O,US50,0001,,X,X,,,,,2,,0.0,X,X,,,false,X,,,
505V,US50,0001,,X,X,,,,,2,,0.0,X,X,,,false,X,,,
505Y,US50,0001,,X,X,,,,,2,,0.0,X,X,,,false,X,,,
505Z,US50,0001,,X,X,,,,,2,,0.0,X,X,,,false,X,,,
506A,US50,0001,,X,X,,,,,2,,0.0,X,X,,,false,X,,,
506B,US50,0001,,X,X,,,,,2,,0.0,X,X,,,false,X,,,
506C,US50,0001,,X,X,,,,,2,,0.0,X,X,,,false,X,,,
506D,US50,0001,,X,X,,,,,2,,0.0,X,X,,,false,X,,,
506E,US50,0001,,X,X,,,,,2,,0.0,X,X,,,false,X,,,
506F,US50,0001,,X,X,,,,,2,,0.0,X,X,,,false,X,,,
506G,US50,0001,,X,X,,,,,2,,0.0,X,X,,,false,X,,,
506H,US50,0001,,X,X,,,,,2,,0.0,X,X,,,false,X,,,
506K,US50,0001,,X,X,,,,,2,,0.0,X,X,,,false,X,,,
506L,US50,0001,,X,X,,,,,2,,0.0,X,X,,,false,X,,,
506M,US50,0001,,X,X,,,,,2,,0.0,X,X,,,false,X,,,
506N,US50,0001,,X,X,,,,,2,,0.0,X,X,,,false,X,,,
506O,US50,0001,,X,X,,,,,2,,0.0,X,X,,,false,X,,,
506P,US50,0001,,X,X,,,,,2,,0.0,X,X,,,false,X,,,
506V,US50,0001,,X,X,,,,,2,,0.0,X,X,,,false,X,,,
506W,US50,0001,,X,X,,,,,2,,0.0,X,X,,,false,X,,,
506Y,US50,0001,,X,X,,,,,2,,0.0,X,X,,,false,X,,,
506Z,US50,0001,,X,X,,,,,2,,0.0,X,X,,,false,X,,,
507A,US50,0001,,X,X,,,,,2,,0.0,X,X,,,false,X,,,
507B,US50,0001,,X,X,,,,,2,,0.0,X,X,,,false,X,,,
507C,US50,0001,,X,X,,,,,2,,0.0,X,X,,,false,X,,,
507D,US50,0001,,X,X,,,,,2,,0.0,X,X,,,false,X,,,
507F,US50,0001,,X,X,,,,,2,,0.0,X,X,,,false,X,,,
507G,US50,0001,,X,X,,,,,2,,0.0,X,X,,,false,X,,,
507H,US50,0001,,X,X,,,,,2,,0.0,X,X,,,false,X,,,
507I,US50,0001,,X,X,,,,,2,,0.0,X,X,,,false,X,,,
507J,US50,0001,,X,X,,,,,2,,0.0,X,X,,,false,X,,,
507K,US50,0001,,X,X,,,,,2,,0.0,X,X,,,false,X,,,
507M,US50,0001,,X,X,,,,,2,,0.0,X,X,,,false,X,,,
507N,US50,0001,,X,X,,,,,2,,0.0,X,X,,,false,X,,,
507O,US50,0001,,X,X,,,,,2,,0.0,X,X,,,false,X,,,
507P,US50,0001,,X,X,,,,,2,,0.0,X,X,,,false,X,,,
507Q,US50,0001,,X,X,,,,,2,,0.0,X,X,,,false,X,,,
507R,US50,0001,,X,X,,,,,2,,0.0,X,X,,,false,X,,,
507S,US50,0001,,X,X,,,,,2,,0.0,X,X,,,false,X,,,
507T,US50,0001,,X,X,,,,,2,,0.0,X,X,,,false,X,,,
507U,US50,0001,,X,X,,,,,2,,0.0,X,X,,,false,X,,,
507V,US50,0001,,X,X,,,,,2,,0.0,X,X,,,false,X,,,
507X,US50,0001,,X,X,,,,,2,,0.0,X,X,,,false,X,,,
507Y,US50,0001,,X,X,,,,,2,,0.0,X,X,,,false,X,,,
507Z,US50,0001,,X,X,,,,,2,,0.0,X,X,,,false,X,,,
508A,US50,0001,,X,X,,,,,2,,0.0,X,X,,,false,X,,,
508B,US50,0001,,X,X,,,,,2,,0.0,X,X,,,false,X,,,
508C,US50,0001,,X,X,,,,,2,,0.0,X,X,,,false,X,,,
508K,US50,0001,,X,X,,,,,2,,0.0,X,X,,,false,X,,,
508L,US50,0001,,X,X,,,,,2,,0.0,X,X,,,false,X,,,
508M,US50,0001,,X,X,,,,,2,,0.0,X,X,,,false,X,,,
508N,US50,0001,,X,X,,,,,2,,0.0,X,X,,,false,X,,,
508O,US50,0001,,X,X,,,,,2,,0.0,X,X,,,false,X,,,
508P,US50,0001,,X,X,,,,,2,,0.0,X,X,,,false,X,,,
508V,US50,0001,,X,X,,,,,2,,0.0,X,X,,,false,X,,,
508X,US50,0001,,X,X,,,,,2,,0.0,X,X,,,false,X,,,
508Y,US50,0001,,X,X,,,,,2,,0.0,X,X,,,false,X,,,
508Z,US50,0001,,X,X,,,,,2,,0.0,X,X,,,false,X,,,
509L,US50,0001,,X,X,,,,,2,,0.0,X,X,,,false,X,,,
509M,US50,0001,,X,X,,,,,2,,0.0,X,X,,,false,X,,,
509P,US50,0001,,X,X,,,,,2,,0.0,X,X,,,false,X,,,
509Q,US50,0001,,X,X,,,,,2,,0.0,X,X,,,false,X,,,
509W,US50,0001,,X,X,,,,,2,,0.0,X,X,,,false,X,,,
509X,US50,0001,,X,X,,,,,2,,0.0,X,X,,,false,X,,,
509Y,US50,0001,,X,X,,,,,2,,0.0,X,X,,,false,X,,,
509Z,US50,0001,,X,X,,,,,2,,0.0,X,X,,,false,X,,,
50A1,US50,0001,,X,X,,,,,2,,0.0,X,X,,,false,X,,,
50A2,US50,0001,,X,X,,,,,2,,0.0,X,X,,,false,X,,,
50A3,US50,0001,,X,X,,,,,2,,0.0,X,X,,,false,X,,,
50A4,US50,0001,,X,X,,,,,2,,0.0,X,X,,,false,X,,,
50A5,US50,0001,,X,X,,,,,2,,0.0,X,X,,,false,X,,,
50A6,US50,0001,,X,X,,,,,2,,0.0,X,X,,,false,X,,,
50A7,US50,0001,,X,X,,,,,2,,0.0,X,X,,,false,X,,,
50A8,US50,0001,,X,X,,,,,2,,0.0,X,X,,,false,X,,,
50B1,US50,0001,,X,X,,,,,2,,0.0,X,X,,,false,X,,,
50B2,US50,0001,,X,X,,,,,2,,0.0,X,X,,,false,X,,,
50B3,US50,0001,,X,X,,,,,2,,0.0,X,X,,,false,X,,,
50B4,US50,0001,,X,X,,,,,2,,0.0,X,X,,,false,X,,,
50B5,US50,0001,,X,X,,,,,2,,0.0,X,X,,,false,X,,,
50B6,US50,0001,,X,X,,,,,2,,0.0,X,X,,,false,X,,,
50C1,US50,0001,,X,X,,,,,2,,0.0,X,X,,,false,X,,,
50C2,US50,0001,,X,X,,,,,2,,0.0,X,X,,,false,X,,,
50C3,US50,0001,,X,X,,,,,2,,0.0,X,X,,,false,X,,,
50C4,US50,0001,,X,X,,,,,2,,0.0,X,X,,,false,X,,,
50C5,US50,0001,,X,X,,,,,2,,0.0,X,X,,,false,X,,,
50E1,US50,0001,,X,X,,,,,2,,0.0,X,X,,,false,X,,,
50E2,US50,0001,,X,X,,,,,2,,0.0,X,X,,,false,X,,,
50E3,US50,0001,,X,X,,,,,2,,0.0,X,X,,,false,X,,,
50F1,US50,0001,,X,X,,,,,2,,0.0,X,X,,,false,X,,,
50F2,US50,0001,,X,X,,,,,2,,0.0,X,X,,,false,X,,,
50F3,US50,0001,,X,X,,,,,2,,0.0,X,X,,,false,X,,,
50G1,US50,0001,,X,X,,,,,2,,0.0,X,X,,,false,X,,,
50G2,US50,0001,,X,X,,,,,2,,0.0,X,X,,,false,X,,,
50G3,US50,0001,,X,X,,,,,2,,0.0,X,X,,,false,X,,,
50H1,US50,0001,,X,X,,,,,2,,0.0,X,X,,,false,X,,,
50H2,US50,0001,,X,X,,,,,2,,0.0,X,X,,,false,X,,,
50H3,US50,0001,,X,X,,,,,2,,0.0,X,X,,,false,X,,,
50H4,US50,0001,,X,X,,,,,2,,0.0,X,X,,,false,X,,,
50H5,US50,0001,,X,X,,,,,2,,0.0,X,X,,,false,X,,,
50I1,US50,0001,,X,X,,,,,2,,0.0,X,X,,,false,X,,,
50I2,US50,0001,,X,X,,,,,2,,0.0,X,X,,,false,X,,,
50L1,US50,0001,,X,X,,,,,2,,0.0,X,X,,,false,X,,,
50L2,US50,0001,,X,X,,,,,2,,0.0,X,X,,,false,X,,,
50N1,US50,0001,,X,X,,,,,2,,0.0,X,X,,,false,X,,,
50N2,US50,0001,,X,X,,,,,2,,0.0,X,X,,,false,X,,,
50Q1,US50,0001,,X,X,,,,,2,,0.0,X,X,,,false,X,,,
50Q2,US50,0001,,X,X,,,,,2,,0.0,X,X,,,false,X,,,
50Q3,US50,0001,,X,X,,,,,2,,0.0,X,X,,,false,X,,,
50Q4,US50,0001,,X,X,,,,,2,,0.0,X,X,,,false,X,,,
50Q5,US50,0001,,X,X,,,,,2,,0.0,X,X,,,false,X,,,
50Q6,US50,0001,,X,X,,,,,2,,0.0,X,X,,,false,X,,,
50Q7,US50,0001,,X,X,,,,,2,,0.0,X,X,,,false,X,,,
50Q8,US50,0001,,X,X,,,,,2,,0.0,X,X,,,false,X,,,
50S1,US50,0001,,X,X,,,,,2,,0.0,X,X,,,false,X,,,
50S2,US50,0001,,X,X,,,,,2,,0.0,X,X,,,false,X,,,
50S3,US50,0001,,X,X,,,,,2,,0.0,X,X,,,false,X,,,
50S4,US50,0001,,X,X,,,,,2,,0.0,X,X,,,false,X,,,
50T1,US50,0001,,X,X,,,,,2,,0.0,X,X,,,false,X,,,
50V1,US50,0001,,X,X,,,,,2,,0.0,X,X,,,false,X,,,
50V2,US50,0001,,X,X,,,,,2,,0.0,X,X,,,false,X,,,
50V3,US50,0001,,X,X,,,,,2,,0.0,X,X,,,false,X,,,
50V4,US50,0001,,X,X,,,,,2,,0.0,X,X,,,false,X,,,
50V5,US50,0001,,X,X,,,,,2,,0.0,X,X,,,false,X,,,
50XA,US50,0001,,X,X,,,,,2,,0.0,X,X,,,false,X,,,
50XB,US50,0001,,X,X,,,,,2,,0.0,X,X,,,false,X,,,
50XC,US50,0001,,X,X,,,,,2,,0.0,X,X,,,false,X,,,
50XD,US50,0001,,X,X,,,,,2,,0.0,X,X,,,false,X,,,
50XE,US50,0001,,X,X,,,,,2,,0.0,X,X,,,false,X,,,
50XF,US50,0001,,X,X,,,,,2,,0.0,X,X,,,false,X,,,
50XG,US50,0001,,X,X,,,,,2,,0.0,X,X,,,false,X,,,
50XH,US50,0001,,X,X,,,,,2,,0.0,X,X,,,false,X,,,
50XI,US50,0001,,X,X,,,,,2,,0.0,X,X,,,false,X,,,
50XJ,US50,0001,,X,X,,,,,2,,0.0,X,X,,,false,X,,,
50XK,US50,0001,,X,X,,,,,2,,0.0,X,X,,,false,X,,,
50XL,US50,0001,,X,X,,,,,2,,0.0,X,X,,,false,X,,,
50XX,US50,0001,,X,X,,,,,2,,0.0,X,X,,,false,X,,,
50XZ,US50,0001,,X,X,,,,,2,,0.0,X,X,,,false,X,,,
517B,CA51,0001,,X,X,,,,,2,,0.0,X,X,,,false,X,,,
518A,CA51,0001,,X,X,,,,,2,,0.0,X,X,,,false,X,,,
518B,CA51,0001,,X,X,,,,,2,,0.0,X,X,,,false,X,,,
51A1,CA51,0001,,X,X,,,,,2,,0.0,X,X,,,false,X,,,
51A2,CA51,0001,,X,X,,,,,2,,0.0,X,X,,,false,X,,,
51F1,CA51,0001,,X,X,,,,,2,,0.0,X,X,,,false,X,,,
51G1,CA51,0001,,X,X,,,,,2,,0.0,X,X,,,false,X,,,
51V1,CA51,0001,,X,X,,,,,2,,0.0,X,X,,,false,X,,,
521A,MX52,0001,,X,X,,,,,2,,0.0,X,X,,,false,X,,,
522A,MX52,0001,,X,X,,,,,2,,0.0,X,X,,,false,X,,,
522B,MX52,0001,,X,X,,,,,2,,0.0,X,X,,,false,X,,,
522C,MX52,0001,,X,X,,,,,2,,0.0,X,X,,,false,X,,,
523A,MX52,0001,,X,X,,,,,2,,0.0,X,X,,,false,X,,,
524A,MX52,0001,,X,X,,,,,2,,0.0,X,X,,,false,X,,,
524B,MX52,0001,,X,X,,,,,2,,0.0,X,X,,,false,X,,,
526A,MX52,0001,,X,X,,,,,2,,0.0,X,X,,,false,X,,,
526B,MX52,0001,,X,X,,,,,2,,0.0,X,X,,,false,X,,,
527A,MX52,0001,,X,X,,,,,2,,0.0,X,X,,,false,X,,,
528A,MX52,0001,,X,X,,,,,2,,0.0,X,X,,,false,X,,,
52A1,MX52,0001,,X,X,,,,,2,,0.0,X,X,,,false,X,,,
52F1,MX52,0001,,X,X,,,,,2,,0.0,X,X,,,false,X,,,
52T1,MX52,0001,,X,X,,,,,2,,0.0,X,X,,,false,X,,,
IA3A,USIA,0001,,X,X,,,,,2,,0.0,X,X,,,false,X,,,
IA3B,USIA,0001,,X,X,,,,,2,,0.0,X,X,,,false,X,,,
IA4A,USIA,0001,,X,X,,,,,2,,0.0,X,X,,,false,X,,,
IA4B,USIA,0001,,X,X,,,,,2,,0.0,X,X,,,false,X,,,
IA6A,USIA,0001,,X,X,,,,,2,,0.0,X,X,,,false,X,,,
IA7A,USIA,0001,,X,X,,,,,2,,0.0,X,X,,,false,X,,,
IA8A,USIA,0001,,X,X,,,,,2,,0.0,X,X,,,false,X,,,
IA9A,USIA,0001,,X,X,,,,,2,,0.0,X,X,,,false,X,,,
IAA1,USIA,0001,,X,X,,,,,2,,0.0,X,X,,,false,X,,,
IAF1,USIA,0001,,X,X,,,,,2,,0.0,X,X,,,false,X,,,
IB3A,USIB,0001,,X,X,,,,,2,,0.0,X,X,,,false,X,,,
IB4A,USIB,0001,,X,X,,,,,2,,0.0,X,X,,,false,X,,,
IB4B,USIB,0001,,X,X,,,,,2,,0.0,X,X,,,false,X,,,
IBA1,USIB,0001,,X,X,,,,,2,,0.0,X,X,,,false,X,,,
IBC1,USIB,0001,,X,X,,,,,2,,0.0,X,X,,,false,X,,,
IBE1,USIB,0001,,X,X,,,,,2,,0.0,X,X,,,false,X,,,
IBF1,USIB,0001,,X,X,,,,,2,,0.0,X,X,,,false,X,,,
IBR1,USIB,0001,,X,X,,,,,2,,0.0,X,X,,,false,X,,,
IBT1,USIB,0001,,X,X,,,,,2,,0.0,X,X,,,false,X,,,
IC1A,USIC,0001,,X,X,,,,,2,,0.0,X,X,,,false,X,,,
IC2A,USIC,0001,,X,X,,,,,2,,0.0,X,X,,,false,X,,,
IC3A,USIC,0001,,X,X,,,,,2,,0.0,X,X,,,false,X,,,
IC4A,USIC,0001,,X,X,,,,,2,,0.0,X,X,,,false,X,,,
IC5A,USIC,0001,,X,X,,,,,2,,0.0,X,X,,,false,X,,,
ICA2,USIC,0001,,X,X,,,,,2,,0.0,X,X,,,false,X,,,
ICF1,USIC,0001,,X,X,,,,,2,,0.0,X,X,,,false,X,,,
ID3A,USID,0001,,X,X,,,,,2,,0.0,X,X,,,false,X,,,
ID3B,USID,0001,,X,X,,,,,2,,0.0,X,X,,,false,X,,,
ID3C,USID,0001,,X,X,,,,,2,,0.0,X,X,,,false,X,,,
ID3D,USID,0001,,X,X,,,,,2,,0.0,X,X,,,false,X,,,
ID3E,USID,0001,,X,X,,,,,2,,0.0,X,X,,,false,X,,,
ID3F,USID,0001,,X,X,,,,,2,,0.0,X,X,,,false,X,,,
ID3G,USID,0001,,X,X,,,,,2,,0.0,X,X,,,false,X,,,
ID3H,USID,0001,,X,X,,,,,2,,0.0,X,X,,,false,X,,,
ID3I,USID,0001,,X,X,,,,,2,,0.0,X,X,,,false,X,,,
ID4B,USID,0001,,X,X,,,,,2,,0.0,X,X,,,false,X,,,
ID4C,USID,0001,,X,X,,,,,2,,0.0,X,X,,,false,X,,,
ID4D,USID,0001,,X,X,,,,,2,,0.0,X,X,,,false,X,,,
ID4E,USID,0001,,X,X,,,,,2,,0.0,X,X,,,false,X,,,
ID4R,USID,0001,,X,X,,,,,2,,0.0,X,X,,,false,X,,,
ID5A,USID,0001,,X,X,,,,,2,,0.0,X,X,,,false,X,,,
ID5C,USID,0001,,X,X,,,,,2,,0.0,X,X,,,false,X,,,
IDA1,USID,0001,,X,X,,,,,2,,0.0,X,X,,,false,X,,,
IDF1,USID,0001,,X,X,,,,,2,,0.0,X,X,,,false,X,,,
IDI1,USID,0001,,X,X,,,,,2,,0.0,X,X,,,false,X,,,
IDL1,USID,0001,,X,X,,,,,2,,0.0,X,X,,,false,X,,,
JB1A,MXJB,0001,,X,X,,,,,2,,0.0,X,X,,,false,X,,,
JB1B,MXJB,0001,,X,X,,,,,2,,0.0,X,X,,,false,X,,,
JBA1,MXJB,0001,,X,X,,,,,2,,0.0,X,X,,,false,X,,,
JC1A,CAJC,0001,,X,X,,,,,2,,0.0,X,X,,,false,X,,,
JC2A,CAJC,0001,,X,X,,,,,2,,0.0,X,X,,,false,X,,,
JCF1,CAJC,0001,,X,X,,,,,2,,0.0,X,X,,,false,X,,,
JDA1,USJD,0001,,X,X,,,,,2,,0.0,X,X,,,false,X,,,
JDB1,USJD,0001,,X,X,,,,,2,,0.0,X,X,,,false,X,,,
